"","233499-124-R","167148-078-R","189374-263-R","128783-104-T","958667-338-R","192522-019-R","526219-279-T","135848-042-T","779769-127-R","522493-142-R","CN0375-F725","253994-281-T","715222-197-R2","715222-197-R3","255893-291-R","512936-074-R","363778-159-R","421681-087-R","439559-082-T","276233-004-R","259778-044-R","324363-279-T","392184-169-R","695427-040-R","388556-164-R","519858-162-T","273541-280-R","524269-139-T","945468-187-T","817829-284-R","154431-089-R","884544-143-R","919269-233-R5","919269-233-R1","919269-233-R2","919269-233-R3","919269-233-R4","866234-130-R","991263-137-R1","991263-137-R2","282377-053-R","784581-064-R","244465-170-R","638234-109-R","381356-305-R","762968-020-R","981439-253-R","445685-031-R","784911-089-T","764511-343-R","176247-063-R","722911-139-R","753774-173-T","862795-172-R","145919-334-R","773273-077-R","186277-243-T","157184-299-T","825966-067-R","175126-011-R","997537-175-T","624824-186-R","967376-340-R","952924-235-T","475296-252-R","616215-338-R","435261-313-R","K98450-129-R","463943-066-T","362531-283-R","361931-004-R","188146-221-R","116655-072-R","782815-120-R","857933-349-R","947758-054-R","588824-173-R","K28037-099-T","464338-155-R","359531-246-R","628569-122-R","987651-099-R","874868-142-R","328373-195-R","731285-195-R","945586-337-R","455876-151-R","784116-028-R","915372-287-R","323392-091-R","217283-344-R","854966-285-R","266295-075-R","686893-015-R","391396-364-R","994459-135-R","137432-314-R","249661-222-R","929823-356-R","136722-071-R","958767-090-R","353785-320-R","549293-155-R","354836-022-R","848979-319-R","252836-082-R","676499-111-R","565248-004-R","899872-116-R","LG0567-F671","K12877-001-R","628479-137-R10","628479-137-R2","628479-137-R9","843782-103-R","653999-131-R","K86415-001-R","K00052-001-T","941728-121-R","618468-307-R","914883-182-B","997726-040-R","864244-320-R","477875-180-R","LG0703-F948","287614-091-R","813469-196-T","738386-334-R","417821-307-R","538559-288-R","429463-259-R","K22795-001-R","349418-098-R","296188-107-R","565232-114-T","882747-286-R","394772-225-R","681556-308-R","855422-203-R","889142-216-R","BL0479-F1894","251477-161-R","168753-222-R","883617-216-R","159449-244-R","679263-084-R","964232-139-R","994946-033-R","843126-344-R","283228-195-R","891866-317-R","515863-333-R","695221-133-T","875164-322-T","333828-041-R","299254-011-R","876135-273-R","631417-353-R","128128-338-R","324944-112-T","251568-266-R","156681-154-R","277667-354-R","899932-113-R3","899932-113-R4","899932-113-R5","899932-113-R6","899932-113-R7","899932-113-R8","875755-015-R","992656-260-R","898857-211-R","K06184-153-R","846914-101-R","983925-294-R","699152-130-R","K53272-088-T","323965-272-R","377384-186-R","485368-065-R3","485368-065-R8","485368-065-R4","242566-281-R","673883-063-R5","561559-040-R","673883-063-R3","673883-063-R7","633739-251-R","422866-222-R5","565726-208-R1","565726-208-R6","565726-208-R7","616732-234-R1","454973-116-R2","454973-116-R3","868679-213-R","482815-354-R2","227483-062-R1","777334-354-R2","777334-354-R5","454973-116-R4","982778-135-R","619344-162-R","521955-158-R2","521955-158-R3","521955-158-R5","521955-158-R6","777334-354-R1","777334-354-R3","K24384-001-R","966289-007-R4","217524-143-R2","217524-143-R1","217524-143-R4","217524-143-R5","496974-208-R","485176-168-R4","821394-179-R","543588-082-R","287954-098-R","479421-043-R","823721-103-R","194179-226-R","677734-321-R","635999-064-R","581982-151-R","596521-263-R","975524-054-R","949626-316-R","772245-204-R","719797-321-R","571681-070-R","126254-015-R","317291-083-R","348733-031-R","494315-158-R","639538-348-R","811622-057-R","228754-122-R","169284-167-R","337211-066-R","517754-364-R","K32475-227-T","429239-143-T","328634-206-R","777953-297-R2","777953-297-R4","876862-298-R","459288-142-R","947993-071-R","171881-019-R","379773-124-R","446735-337-T","559244-337-R","427958-088-R","788476-176-R","968666-278-R","388244-064-R","327544-111-R","935938-334-R","K74698-298-T","993429-296-R","727343-253-R","197837-219-T","979925-282-R","717755-176-R","575813-281-R2","598228-144-R","367927-166-R","936559-144-R","987419-145-R","989133-093-R","554418-232-R","417952-058-R","873145-292-R","778377-087-R","773659-155-R","942848-086-R","442324-144-R","983979-030-R","579494-129-T","541946-237-B","548399-264-B","655913-031-T","885512-296-R","615535-235-R","415267-285-R","892284-177-R","K24623-012-T","359829-203-R","K68450-031-R2","636577-100-R","138582-337-R","827475-031-R6","252517-233-R","485977-131-R","633275-114-R","327498-153-R","412728-344-R","528666-305-R","911461-104-R","147741-191-M","147741-163-M","147741-172-M","926638-142-R","712881-215-R","659161-295-R","486699-345-R","351142-076-R","531923-012-R","174125-134-R","118821-072-R","575123-057-R","953936-095-R","313798-341-R","743489-274-T","922993-354-T","K52426-315-R","382168-346-R","447624-303-R","487391-300-R","338488-144-R","378893-306-R","965255-017-R","541839-054-R","989762-245-R"
"TP53","MUT","MUT","MUT","MUT","MUT","MUT;IND","MUT","MUT","MUT","MUT","MUT","MUT","MUT","MUT","MUT","IND","MUT","MUT","MUT","MUT","IND","MUT","MUT","MUT","MUT","IND","MUT","MUT;IND","MUT","MUT;IND","MUT","IND","MUT","MUT","MUT","MUT","MUT","MUT","MUT","MUT","MUT;IND","MUT","MUT","MUT","MUT","MUT","MUT","MUT","MUT","MUT","MUT","MUT","MUT;IND","MUT","MUT","MUT","MUT","MUT","MUT","MUT","MUT","IND","MUT","MUT;IND","","","","","","","","","","","","","","","MUT","MUT;IND","MUT","IND","MUT","MUT","MUT;IND","MUT;IND","MUT;IND","IND","MUT","MUT","MUT","MUT","MUT;IND","MUT","MUT","MUT","MUT","MUT","MUT","MUT","MUT","MUT","MUT;IND","","","","","","","MUT","MUT","MUT","MUT","MUT","MUT","MUT;IND","MUT","MUT;IND","MUT","MUT","MUT","MUT","MUT;IND","MUT","MUT","MUT","MUT","MUT;IND","MUT","MUT","","","","","MUT","MUT;IND","MUT;IND","MUT","MUT;IND","IND","MUT","MUT","","","","","","MUT;IND","MUT;IND","MUT;IND","MUT;IND","MUT","MUT","MUT","MUT","","","","","","","","","","","","","","","","","","","","","MUT","IND","MUT","MUT","MUT","MUT","MUT","MUT","MUT","MUT","MUT","MUT","MUT","MUT","MUT","MUT","MUT","MUT","MUT","MUT","MUT","MUT","MUT","MUT","MUT","MUT","IND","IND","IND","IND","IND","IND","MUT","MUT","MUT","MUT","","","","","","","MUT","MUT","MUT","MUT","MUT","MUT","MUT","MUT","MUT","IND","","","","","","","","","","","","MUT;IND","MUT;IND","MUT;IND","MUT","MUT","MUT","MUT;IND","MUT","MUT","MUT","MUT;IND","IND","MUT","MUT;IND","MUT;IND","MUT;IND","MUT","MUT","MUT","MUT","MUT","MUT;IND","MUT","MUT","IND","MUT","MUT","IND","IND","MUT","MUT;IND","MUT;IND","MUT","MUT","MUT","MUT","MUT","MUT","MUT","MUT","MUT","MUT","MUT","MUT","IND","MUT","MUT","MUT","MUT","MUT","MUT","","","","","","","","","","","","","","","","","","","","","","","","","","","","","","","","","","","","",""
"APC","IND","MUT","MUT;IND","MUT;IND","MUT","MUT;IND","MUT;IND","MUT;IND","MUT","MUT;IND","MUT","MUT","MUT;IND","MUT;IND","MUT;IND","MUT","MUT","IND","MUT;IND","IND","MUT;IND","MUT","MUT;IND","MUT","MUT;IND","IND","MUT;IND","IND","MUT;IND","MUT","MUT;IND","IND","IND","IND","IND","IND","IND","IND","MUT","MUT","MUT;IND","IND","IND","MUT","MUT","MUT;IND","MUT;IND","MUT","MUT","MUT;IND","MUT;IND","MUT","MUT","IND","MUT","IND","","","","","","","","","MUT;IND","MUT;IND","MUT;IND","MUT;IND","MUT;IND","MUT","MUT;IND","MUT","MUT;IND","IND","MUT;IND","","","","MUT;IND","MUT","IND","MUT","","","","","","","","","","","","","","","","","","","","","","","","","","","","IND","","","","","","","","","","","","","","","","","","","","","","","","","IND","","","","","","","","","","","","","MUT","","","","","","","","MUT","MUT","MUT","MUT;IND","MUT","MUT","","","","","","","","","","","","","","","MUT","MUT","","","","","","","","","","","","","","","","","","","","","","","","","","","","","","","","","","","","","","","","","MUT;IND","","","","","","","","","","","","","","","","","","","","","MUT","MUT;IND","IND","MUT;IND","MUT;IND","MUT","","","","","","","","","","","","","","","","","","","","","","","","","","","","","","","","","","","","","","","","","","","","","","MUT","MUT","IND","MUT","MUT;IND","MUT","","","","","","","","","","","","","","","","","","","","","","","","","","","","","","",""
"KRAS","MUT","MUT","MUT","MUT","MUT","MUT","MUT","MUT","MUT","MUT","MUT","MUT","MUT","MUT","MUT","MUT","MUT","MUT","MUT","MUT","MUT","MUT","MUT","MUT","MUT","MUT","","","","","","","","","","","","","","","","","","","","","","","","","","","","","","","MUT","MUT","","","","","","","MUT","MUT","MUT","MUT","MUT","MUT","","","","","","","","","","","","","","","","","","","","","","","","","","","","","","","","","","","","","","","","MUT","MUT","MUT","MUT","MUT","MUT","MUT","MUT","MUT","MUT","","","","","","","","","","","","MUT","MUT","","","","","","","","","","","","","","","","","","","","","","","","MUT","","","","","","","","","","","","","","","","","","","","MUT","MUT","MUT","MUT","MUT","MUT","MUT","MUT","MUT","MUT","MUT","MUT","MUT","MUT","MUT","MUT","MUT","MUT","MUT","MUT","MUT","MUT","MUT","MUT","MUT","MUT","MUT","MUT","MUT","MUT","MUT","MUT","MUT","MUT","MUT","","MUT","MUT","MUT","MUT","MUT","","","","","","","","","","","","MUT","","","","","","","","","","","","","","","","","MUT","MUT","MUT","","","","","","","","","","","","","","","","","","","","","","","","","","","","","","","","","","","","","","","","","","","","","","","","","MUT","MUT","MUT","MUT","","","","","","","","","","","","","","","","","","","","","","","","","","",""
"ARID1A","MUT","MUT","IND","","","","","","","","","","","","","","","","","","","","","","","","","","","","","","","","","","","","","","","","","","","","","","","","","","","","","","IND","","IND","IND","","","","","IND","IND","","","","","MUT;IND","IND","MUT","MUT","","MUT;IND","","","MUT","","","","IND","MUT","IND","MUT","","","","","","","","","","","","","","","","","","","","","","","","","","","","","","","","","","MUT","IND","","","","","","","","","","","","MUT;IND","","MUT","MUT","IND","MUT","","","","","","","","","","","MUT;IND","MUT;IND","","","","","","MUT","MUT","MUT;IND","","","","MUT","","","","","","","","","","","","","","","","IND","IND","IND","IND","IND","MUT","","","","","","","","","","","","","","","","","","","","","","","","","","","","","","","","","","","","IND","IND","","","","","","","","","","","","","","","","","","","MUT;IND","MUT","MUT;IND","","","","","","","MUT;IND","MUT;IND","MUT;IND","MUT","MUT;IND","MUT","MUT","IND","MUT;IND","MUT","IND","","","","","","","","","","","","","","","","","","","","","","","","","","","","","","","","MUT;IND","MUT","MUT;IND","","","","MUT;IND","MUT;IND","MUT;IND","MUT;IND","MUT;IND","IND","MUT","MUT","MUT","MUT;IND","MUT","MUT;IND","MUT;IND","MUT;IND","MUT","MUT","IND","","","","","","","","","","","","","",""
"PIK3CA","","","","MUT","MUT","","","","","","","","","","","","","","","","","","","","","","MUT;IND","MUT","MUT","","","","","","","","","","","","","","","","","","","","","","","","","","","","MUT","","MUT","","MUT","MUT","MUT","","MUT;IND","","MUT","","","","MUT","","","","","","MUT","","","","","","","","","","MUT","","","","","","","","","","","","","","","","","MUT","MUT","MUT","","","","","","","","","","","","","","","","MUT","","","","","","","","","","","","","","MUT","","","MUT","","","","MUT","","","","","","MUT","","","","","","","","","","","","","","","","","","","","","","","","","","","","","","","","","","","MUT","","","","","","","","","","","","","","","","","","","","","","","","","","","","","","","","","","","","","MUT","","","","","","","","MUT","","","","","","","","","","MUT","MUT;IND","","MUT","","","","","","MUT;IND","MUT","MUT","MUT;IND","","","","","","","","MUT","MUT","MUT","MUT","MUT","MUT","IND","MUT","MUT","MUT","","","","","","","","","","","","","","","","","","","","","","MUT","","","","","","IND","","","","MUT","IND","MUT","MUT","MUT","","","","","","","","","MUT","MUT","MUT","MUT","","","","","","","","","",""
"CDKN2A","IND","","","","","","","","","","","","","","","","","","","","","","","","","","","","","","","","","","","","","","","","","","","","","","","","","","","","","","","","","","IND","","","","","","","IND","","","","","","MUT","","","","","","","","","","","MUT","","","","MUT","MUT","MUT","","","","","","","","","","","","","","","","","","","","","","IND","MUT","MUT","MUT","","","","","","","","","MUT","","","","","","","","","","","","MUT","","MUT","","","MUT;IND","","","","","","","","","","","MUT","MUT","","","","","MUT","","MUT","","","","MUT","","","","","","","","","","","","","MUT","","IND","","","","","","IND","IND","IND","IND","IND","IND","IND","IND","IND","","","","","","","","","","","","","","","","","","","","","","","","","MUT","","","","","","","","","","","","","","","","","","","","","","MUT;IND","","","","","","","","","MUT","MUT","","","MUT","MUT","","","","","","","","","","","","","","","","MUT","IND","IND","IND","","","","","","","","","","","","","","","","","","","MUT","","","","","","","","","","","","","","MUT","MUT","","","","","","","MUT","","","","","","","","","","","","",""
"BRCA2","IND","","","","","","MUT;IND","","","","","","","","","","","","","","","","","","","","MUT","","","IND","MUT","","","","","","","","IND","IND","","","","","","","","","","","","","","","","","MUT","","IND","","MUT;IND","","","","","MUT;IND","","","","","","MUT;IND","","","MUT","","MUT","","MUT;IND","","","","","","","","","","MUT","","","MUT","","","","","","","","","","","","MUT","","","","","","","MUT","","","","","","","","","","","","","","","","","","","","","","","","","","","","","","","","","MUT","","","","","","MUT","","","","MUT","","","","","","","","","","MUT","MUT","MUT","MUT","MUT","MUT","","","","","","","","","","","","","","","","","","","","","","","","","","","","","","","","","","","","","","","","","","","","","","","","","","","","","","","","","","","","MUT","","","","","","","","","","MUT","MUT;IND","","","","","","","","MUT","","","MUT","","","","","","","","","","","","","","","","","","","","","","","","","","","","","","","","","","","","","","","","","MUT","","","","","","MUT","","MUT;IND","","","","","IND","","MUT","IND","","","","","","","MUT","","MUT","","","","","","","","",""
"NOTCH1","","","","MUT","","","","MUT","","","","","","","","","","","","","","","","","","","","","","","","","","","","","","","","","MUT;IND","MUT","MUT","","","","","","","","","","","","","","","","","","","","","","","","","","","","IND","MUT","","","","","","","MUT","MUT","MUT","","MUT;IND","MUT","","","","","","","","","MUT","IND","","","","","","","","","","","","","MUT","","","","","","","","MUT","","","","","","","","","MUT","MUT","","","","","","","","","","MUT","","","","MUT","","","","","","","","","","MUT","","MUT","","","","","MUT","","MUT;IND","","","","","","","","","","","","","","","","","","","","","","","","","","","","","","","","","","","","","","","","","","","","","","","","","","","","","","","","","","","","","","","","","","","","","","MUT","","","MUT","","","","","","","","MUT","MUT","","","","","","","","","","MUT","","MUT;IND","","MUT;IND","","","","","","","","","","","","","","","MUT","MUT","","","","IND","","","","","","","","","","","","","","","","MUT;IND","","","","","","","MUT","","","","","","","","","","","","MUT;IND","","","","","","","","","","","","","","","","",""
"NF1","MUT","MUT","","","","MUT","","","","","","","","","","","","","","","","","","","","","","MUT","","MUT","","","","","","","","","","","","","","MUT","","","","","","","","","","","","","MUT;IND","","","","","","","","","","","","","","","","","","MUT;IND","IND","","","MUT","","","","","","","","","","","","","","","","MUT","","","","","","","","","","","","","","","","","","","","","","","","","","","MUT","MUT","","","MUT","IND","","","","","","","","MUT","","","","","","","","MUT","","","","","MUT","","","MUT","","","","","MUT","MUT","MUT","","","","","","","","","","","","","","","","","","","","","","","","","","","","","","","","","","","","","","","","","","","","","","","","","","","","","","","","","","","","","","","","MUT","","","","","","","","MUT","IND","","","","","","","","","MUT;IND","","","","","","","","","","MUT;IND","MUT","MUT","","","MUT","","","","","MUT","MUT","","","","","","","","","","","","","MUT","MUT","","","","","","","","","","","","","","","","","","","","","","","","","MUT","","","","","","","","","","","","","","","","","","IND","","","","","","","",""
"BRAF","","","","","","","","","","","","","","","","","","","","","","","","","","","","","","MUT","","","","","","","","","","","MUT","MUT","","","MUT","MUT","","","","","","","","","","","","","MUT","MUT","MUT","MUT","","","","MUT","","","","","MUT","MUT","MUT","","MUT","MUT","","","","","","","","","","","","","","","","","","","","","","","","","","","","","","","","","","","","","","","","","","","","","","","","","","","","","","","","","MUT","","","","","","","","","","","","","","","","","","","","","","","MUT","MUT","","MUT","MUT","MUT","MUT","MUT","","","","","","","MUT","MUT","MUT","","","","","","","","","","","","","","","","","","","","","","","","","","","","","","","","","","","","","","","IND","","","","","","MUT","","","","","","","","","","","","","","","","","","","","","","","MUT;IND","","MUT","","","","","","","","","","","","MUT","","","","","","","","","","","","","","","","","","","","","","MUT","MUT","","","","","","","","","","","","","","","","","","","","MUT","","","","","","","","","","","","","","","","","","","","","","MUT","","","","","","",""
"PTEN","","","","","","","","","","","","","","","","","","","","","","","","","","","","","","MUT;IND","","","","","","","","","","","MUT;IND","","","","","","","","","","","","","","","","","","","MUT;IND","MUT;IND","","","","MUT","","","","","","","","","","","","","","","","","","","","","","","","","","","","","","MUT","","","","","","","","","","","","","","","","","","","","","","","","","","","","","","","IND","","MUT;IND","","","","","","","","","","","","","","","","","MUT","","","","","","","","","","","","","","","","","","MUT","","","","","","","","","","","","","","","","","","","","","","","","","","","","","","","","","","","","","","","","","","","","","","","","","","","","","","","","","","","","","MUT","MUT","","","","","","","","","","","","","","MUT;IND","MUT","MUT;IND","","","","","","","MUT;IND","MUT;IND","MUT;IND","","MUT;IND","","","","MUT","","","","","","MUT","","","","","","","","","","","","","","","","MUT","","","","","","","","","","","","MUT;IND","","MUT;IND","","","","IND","IND","MUT;IND","MUT;IND","","MUT;IND","","","","MUT","","","MUT","MUT;IND","","","","MUT","","","","","","","MUT","","","","","",""
"SMAD4","","","","","MUT;IND","","MUT","","MUT","","MUT","MUT","MUT","MUT","","","","","","","","","","","","","","","","","","MUT","MUT","MUT","MUT","MUT","MUT","","","","","","MUT","","","","MUT","MUT","","","","","","","","","","MUT","","","","MUT","","","","IND","","","","","","","","","","","","MUT","","","","","MUT;IND","","","","","","","MUT","","","","","","","","","","","","","","","","","","MUT","","","","","","","","","","","","","","","","","","","","","","","","","","","MUT","","","","","","","","","","","","","","","","","","","","","","","","","","","","","","","","","","","","","","","","","","","","","","","","","","MUT","IND","IND","","","","","","","","","","MUT","MUT","","","","","","","","","","","","","","IND","IND","IND","IND","","","","","","","","","","","","","","","","","","","","","","","","","","","","","","","","","","","","","","","","","","","","","","","","","","","","","","","","","","","","","","","","MUT","","","","","","","","","","","","","","","","","","","","","","","","","","","","","","","","","","","","","","","","","","","","","","",""
"FBXW7","MUT","","","","","","","","MUT","MUT;IND","","","","","MUT","","","","","","","","","","","","","","","","MUT","","","","","","","MUT","","","MUT;IND","MUT","","","","","","","","","","","","","","","MUT","","MUT","","","","","","","","","MUT","","","MUT","","MUT","","","","","","","","","","","","","","","","","","","","","","","","","","","","","","","","MUT","","MUT","","","","MUT","","","","","","","","","","","","","","","","","","","","","","","MUT","","","","","","","","MUT","","","","","","","","","","","","","","","","","","","","","","","","","","","","","","","","","","","","MUT","","","","","","","","","","","","","","","","","","","","","","","","","","","","","","","","","","","","","","","","","","","","","","","","","","","","","","","","","","","","","MUT","MUT;IND","","MUT","","","","","","MUT","MUT","","","","IND","","","","","","","","","","","","","","","","","","","","","","","","","","","MUT","MUT","","","","","","","","","MUT","","","","","","","","","MUT;IND","MUT","","","","","","","","MUT","MUT","","","","","","","","","","","","","","","","",""
"EP300","","MUT","","","","","","","","","","","","","","IND","","","","","","","","","","","","","","","","","","","","","","","","","","","","","","","MUT","","","","","","","","","","","","IND","IND","","","","","","MUT","","","","","","","","","","","","","","","","","","MUT","MUT","","","","MUT","","","","","","","","MUT","","","","","","","","","MUT","","MUT","","","","","","","","","","","","","","","","","","","","","","","","","","","","","","","","","","","","","","","","","","MUT","","","","","","MUT","","","","","","","","","","","","","","","","","","","","","","","","MUT","MUT","MUT","","","","","","","","","","","","","","","","","","","","","","","","","","","","","","","","","","","","","","","","MUT","","","","","","","","","","","","","","","","","MUT","MUT;IND","","","","","","","","","","","","","","MUT","","","MUT;IND","","","IND","","","MUT","MUT","","","","","","","","","","","","","","","","MUT","","","","","","","","","","","","","","","","MUT;IND","","","","","","","","","","","","","","","","","","","","","","","","MUT","","","","","",""
"EPHA3","","MUT","","","","","","","","","","","","","","","","","","MUT","","","","","","","","","","","MUT","","MUT","","","","","","","","MUT","","","","","","","","","","","","","","","","IND","","","IND","","","","","","","","","","","","","","","","","","","","","","","","","","","","","","","","","","","","","","","","","MUT","","","","","","","","","MUT","MUT","","","","","","","","","","","","","","","","","","","","","","","","","","","","","","","","","","","","","","","MUT","","","","","MUT","","MUT","MUT;IND","","MUT","","","","","","","","","","MUT","","","","","","","","","","","","","","","","","","","","","","","","","","","","","","","","","","","","","","","","","","","","","","","","","","","","","","","","","","","","","","","","","","","","","","MUT;IND","","","MUT","","","","","","","","","","","","","","","","","","","","","","","","","","","MUT","","","","","","","","","","","","","","MUT","","","","","","","","","","","","","","","MUT","","","MUT","","","","","","","","","","","","","","","","","","","","","","","",""
"RB1","MUT","","","","","","","","","","","","","","","","MUT","","","MUT","","","","","","","","MUT","","","","","","","","","","","","","","","","","","","","","","","","","MUT","","","","","","","","MUT","","","","","","MUT","","","","","","","","","","","","","","","","","","","","","","","","","","","","","","","","","","","","","","","","","","","","","","","","","","MUT","","","","","","","","","","","","","","","","","","","","","","","","","","","","","","","MUT","","","","","","","","","","","","","","","","","","","","","","","","","","","","","","","","","","","","","","","","","","","","","","","","","IND","","","","","","MUT","","","","","","","","","","","","","","","","","","","","","","","","","","","","","","IND","","","","","","","MUT","","","","","","","","","MUT","","","","MUT","","","MUT;IND","","","IND","","","MUT","","","","","","","","","MUT","","","","","","","","","","","","","","MUT","","","","","","","","","","","","","","","","","","","","","","","","","","","","","","","","","","","MUT","","","","","",""
"EGFR","","","","","","","","","","","","","","","","","","","","","","","","","","","","","","MUT","","","","","","","","","","","","","","","","","","MUT","","","","","","","MUT","","","","MUT","","","","","","","","","","","","","","","","","","","","MUT","MUT","","","","","","","","","","","","","","","","","","","","","","","","MUT","","","","","","","MUT","","","","","","MUT","","","","","","","","MUT","","","","","","","","","","","","","","","","","","","MUT","","","","","","","","","","","","","","","","","","","","","","","","","","","","","","","","","","","","MUT","MUT","","","","","","","","MUT","","","","","","","","","","","","","","","","","","","","","","","","","","","","","","","","","","","","","IND","","","","","","","","","","","","","","","","","","","","","","","","","","","","","","","","","","","","","","","","","","","","","","","","","","","","","","","","","","","","","","","","","","","","MUT","","","","","","","","","","","","","","","IND","","","","","","","","","","","","","","","","MUT",""
"BRCA1","","","","","","","","","","","","","","","","","","","","","","","","","","","","","","MUT","","","","","","","","","","","","","","","","","","","","","","","","","","","","","","","","","","","","","","","","","","","","MUT","","","","","","","","","","","","","","","","","","","","","","","","","","","","","","MUT","","","","","","","","","","","","MUT","MUT","","","","","MUT","","","","","","","","","","","","","","","","","","","","","","","","","","","MUT","","","","","","","","","","","","","","","","","","","","","","","","","","","","","","","","","","","","","","","","MUT","","","","","MUT","MUT","","","","","","MUT","","","","","","","","","","","","","","","","","","","","","","","","","","","","","","","","","","","","","","","","","","","","","","","MUT","","","","","","","","MUT","","","","","","","","","","","","","","","","","","","","","","","","","","","","MUT","","","","","","","","","","","","","","","","","","","","","","","","","","","","","","","","MUT","","","","","","","","MUT","",""
"CDKN2A_cn","","","","","","","","","","","","","","","","","","","","","","","","","","","","","","","","","","","","","","","","","","","","","","","","","","","","","","","","","","","","","","","","","","","","DEL","","","","","","","","","","DEL","DEL","DEL","DEL","","","DEL","","","","","","","","","","","DEL","","","DEL","","DEL","","DEL","","","","","","DEL","","DEL","","","","","","DEL","","","","","DEL","","","","DEL","","","","","DEL","DEL","DEL","","DEL","","","","DEL","DEL","","DEL","DEL","DEL","DEL","DEL","","DEL","","","","","","","","DEL","DEL","","DEL","","DEL","","","","DEL","DEL","DEL","DEL","DEL","DEL","","","DEL","","DEL","","","DEL","","DEL","DEL","DEL","DEL","DEL","","","","","","","","","","DEL","DEL","DEL","DEL","","","DEL","DEL","DEL","DEL","DEL","DEL","DEL","DEL","DEL","DEL","DEL","DEL","","DEL","DEL","DEL","DEL","DEL","","DEL","DEL","","","DEL","","DEL","","","DEL","DEL","","","DEL","","","","","","DEL","DEL","","","","","","","","","","","","","","","","","","","","","","","","","DEL","DEL","","","","","","","","","","","","","","","DEL","","","","","","","","","DEL","DEL","","","","","","","","","","","","","","","","","","","","","","DEL","","","","","DEL","DEL","","DEL","","DEL","","","","DEL",""
"CDKN2B_cn","","","","","","","","","","","","","","","","","","","","","","","","","","","","","","","","","","","","","","","","","","","","","","","","","","","","","","","","","","","","","","","","","","","","DEL","","","","","","","","","","DEL","DEL","DEL","DEL","","","DEL","","","","","","","","","","","DEL","","","DEL","","DEL","","DEL","","","","","","DEL","","DEL","","","","","","DEL","","","","","","","","","DEL","","","","","","DEL","","","DEL","","","","DEL","DEL","","DEL","DEL","DEL","DEL","DEL","","DEL","","","","","","","","","DEL","","DEL","","DEL","","","","DEL","DEL","DEL","DEL","DEL","DEL","","","DEL","","","","","DEL","","DEL","DEL","DEL","DEL","DEL","","","","","","","","","","DEL","DEL","DEL","DEL","","","DEL","DEL","DEL","DEL","DEL","DEL","DEL","DEL","DEL","DEL","DEL","DEL","","DEL","DEL","DEL","DEL","DEL","","DEL","DEL","","","DEL","","DEL","","","DEL","DEL","","","DEL","","","","","","","DEL","","","","","","","","","","","","","","","","","","","","","","","","","DEL","DEL","","","","","","","","","","","","","","","DEL","","","","","","","","","","DEL","","","","","","","","","","","","","","","","","","","","","","DEL","","","","","","DEL","","DEL","","DEL","","","","DEL",""
"MYC_cn","","","","","","","","AMP","","","","","","","","","","","","","","","","","","","","","","","","","","","","","","","","","","","","","","","","","","","","","","","","","","AMP","","","","AMP","","","AMP","","","","","","","","","AMP","","","","","","","","","","","","","","","","AMP","","","","","","","","","","","","","","","","","","","","","","","","","AMP","","AMP","AMP","","","","","","","","","","","","","","","","","","","","AMP","","","","","","","","","","","","","","","","","","","","","","","","","","","","","","","","","","","","","","AMP","","","","","","","","","","","","","","","","","","","","","","","","","","","","","","","","","AMP","AMP","","","","","","","","","","","","","AMP","","","","","","","","","","","","","","","AMP","","","","","","AMP","","","","","","","","","AMP","","","","","","","","AMP","","","","","","","AMP","","","","","","","","","","","","","","","","","","AMP","AMP","","","","","","","","","","","","","","","","","","","","","","","","","","","","","","","","","","","","","","",""
"CCND1_cn","","","","","","","","","","","","","","","","","","","","","","","","","","","","","","","","","","","","","","","","","","","","","","","","","","","","","","","","","","","","","","","","","","","","","","","","","","","","","","","","AMP","","AMP","","","","","","AMP","","","","","AMP","","","AMP","","","","AMP","","AMP","","","","","","","","","","","","","","AMP","","","","","AMP","","","","","","","","","","","","","","","","","","","AMP","","","AMP","","","","","","","","","","","","","","","AMP","","","","","","","","","","","","","","","AMP","","","","","","","","","","","","","","","","","","","","","","","","","","","","","","","","","","","","","","","","","","","","","","","","","","","AMP","","","","","","","","","","","","","","","","","","","","","","","","","","","","","","","","","","","","","","","","AMP","","","","","AMP","AMP","","","","","","","","","","","","","","","","","","","","","AMP","","","","","","","","","","","","","","","AMP","","","","","","","","","","","","","","","","","","","",""
"SKP2_cn","","","","","","","","","","","","","","","","","","","","","","","","","","","","AMP","","","","","","","","","","","","","","","","","","","","","","","","","","","","","","","","","","","","","","","","","","","","","","","","","","","","","AMP","","","","","","","","","","","","","","","","","","","","","AMP","","","","","","","","","","","","","","","","","","","","","","","","","AMP","","","","","","","","","","","","","","","","","","","","","","","","","","","","","","","","","","","","","","","","","","","","","","","","","","","","","","","","","","","","","","","","","","","","","","","","","","","","","","","","","","","","","","","","","","","","","","","","","","","","","","","","","","","","","","","","","","","","","","","","","","","","","","","","","","","","","","","","","","","","","AMP","","AMP","","","","","","","","","","","","","","","","","","","","","","","","","","","","","","","","","","","","","","","","","","","","","AMP","","","","","AMP","","","","","",""
"MYCL_cn","","","","","","","","","","","","","","","","","","","","","","","","","","","","","","","","","","","","","","","","","","","","","","","","","","","","","","","","","","","","","","","","","","","","","","","","","","","","","","","","","","","","","","","","","","","","","","","","","","","","","","","","","","","","","","","","","","","","","","","","","","","","","","","","","","","","","","","","AMP","","","","","","","","","","","","","","","","","","","","","","","","","","","","","","","","","","","","","","","","","","","","","","","","","","","","","","","","","","","","","","","","","","","","","","","","","","","","","","","","","","","","","","","","","","","","","","","","","","","","","","","","","","","","","","","","","","","","","","","","","","","","","","","","","","","","","","","","","AMP","","","AMP","","","","","","","","","AMP","","","","","","","","","","","","","","","","","","","","","","","","","","","","","","","","","","","","","","","","",""
"MDM2_cn","","","","","","","","","","","","","","","","","","","","","","","","","","","","","","","","","","","","","","","","","","","","","","","","","","","","","","","","","","","","","","","","","","","","","","","","","","","","","","","","","","","","","","","","","","","","","","","","AMP","","","","","AMP","","","","","","","","","","","","","","","","","","","","","","","","","","","","","","","","","","","","","","","","","","","","AMP","","","","","","","","","","","","","","","","","","","","","","","","","","","","","","","","","","","","","","","","","","","","","","","","","","","","","","","","","","","","","","","","","","","","","","","","","","","","","","","","","","","","","","","","","","","","","","","","","","","","","","","","","","","","","","","","","","","","","","","","","","","","","","","AMP","","","","","","","","","","","","","","","","","","","","","","","","","","","","","","","","","","","","","","","","","","","","","","","","","","","","","",""
"MYCN_cn","","","","","","","","","","","","","","","","","","","","","","","","","","","","","","","","","","","","","","","","","","","","","","","","","","","","","","","","","","","","","","","","","","","","","","","","","","","","","","","","","","","","","","","","","","","","","","","","","","","","","","","","","","","","","","","","","","","","","","","","","","","","","","","","","","","","","","","","","","","","","","","","","","","","","","","","","","","","","","","","","","","","","","","","","","","","","","","","","","","","","","","","","","","","","","","","","","","","","","","","","","","","","","","","","","","","","","","","","","","","","","","","","","","","","","","","","","","","","","","","","","","","","","","","","","","","","","","","","","","AMP","","","","","","","","AMP","","","","","","","","","","","","","","","","","","","","","","","","","","","AMP","","","","","","","","","","","","","","","","","","","","","","","","","","","","","","","",""
"NKX2-1_cn","","","","","","","","","","","","","","","","","","","","","","","","","","","","","","","","","","","","","","","","","","","","","","","","","","","","","","","","","","","","","","","","","","","","","","","","","","","","","","","","","","","","","","","","","","","","","","","","","","","","","","","","","","","","","","","","","","","","","","","","","","","","","","","","","","","","","","","","","","","","","","","","","","","","","","","","","","","","","","","","","","","","","","","","","","","","","","","","","","","","","","","","","","","","","","","","","","","AMP","","","","","","","","","","","","","","","","","","","","","","","","","","","","","","","","","","","","","","","","","","","","","","","","","","","","","","","","","","","","","","","","","","","","","","","","","","","","","","","","","","","","","","","","","","","","","","","","","","","","","","","","","","","","","","","","","","","","","","","","","","","","","AMP","","","","","",""
"NCOA3_cn","","","","","","","","","","","","","","","","","","","","AMP","","","","","","","","","","","","","","","","","","","","","","","","","","","","","","","","","","AMP","","","","","","","","","","","","","","","","","","","","","","","","","","","","","","","","","","","","","","","","","","","","","","","","","","","","","","","","","","","","","","","","","","","","","","","","","","","","","","","","","","","","","","","","","","","","","","","","","","","","","","","","","","","","","","","","","","","","","","","","","","","","","","","","","","","","","","","","","","","","","","","","","","","","","","","","","","","","","","","","","","","","","","","","","","","","","","","","","","","","","","","","","","","","","","","","","","","","","","","","","","","","","","","","","","","","","","","","","","","","","","","","","","","","","","","","","","","","","","","","","","","","","","","","","","","","","","","","","","","","","","","","","","","","","","","",""
"LMO1_cn","","","","","","","","","","","","","","","","","","","","","","","","","","","","","","","","","","","","","","","","","","","","","","","","","","","","","","","","","","","","","","","","","","","","","","","","","","","","","","","","","","","","","","","","","","","","","","","","","","","","","","","","","","","","","","","","","","","","","","","","","","","","","","","","","","","","","","","","","","","","","","","","","","","","","","","","","","","","","","","","","","","","","","","","","","","","","","","","","","","","","","","","","","","","","","","","","","","","","","","","","","","","","","","","","","","","","","","","","","","","","","","","","","","","","","","","","","","","","","","","","","","","","","","","","","","","","","","","","","","","","","","","","","","","","","","","","","","","","","","","","","","","","","","","","","","","","","","","","","","","","","","","","","","","","","","","","","","","","","","","","","","","","",""
