"","233499-124-R","167148-078-R","742374-170-R","713683-067-R","764851-200-R","128783-104-T","958667-338-R","779769-127-R","255893-291-R","522493-142-R","K13674-079-T","439559-082-T","K11815-334-T","192522-019-R","623946-074-R","483684-250-R","135848-042-T","K20847-001-R","551195-344-R","296347-364-R","CN0375-F725","253994-281-T","274332-332-R","715222-197-R1","715222-197-R2","715222-197-R3","158597-082-R","421681-087-R","512936-074-R","K60574-136-T","191243-178-R","392184-169-R","259778-044-R","279428-182-R","641145-348-T","695427-040-R","388556-164-R","519858-162-T","974816-308-R","491133-110-R","273541-280-R","524269-139-T","862259-027-R","945468-187-T","817829-284-R","991263-137-R1","991263-137-R2","282377-053-R","185487-224-T","866234-130-R","784581-064-R","339189-122-R","884544-143-R","244465-170-R","762968-020-R","753774-173-T","919269-233-R1","919269-233-R2","919269-233-R3","919269-233-R4","919269-233-R5","919269-233-R6","546332-049-T","714174-038-R","638234-109-R","445685-031-R","981439-253-R","764511-343-R","814844-326-R","176247-063-R","947675-243-R","784911-089-T","215974-263-R","722911-139-R","145919-334-R","862795-172-R","658696-237-R","623371-107-R1","451658-271-R","186277-243-T","K55356-117-T","825966-067-R","997537-175-T","624824-186-R","555926-031-R","967376-340-R","952924-235-T","673867-039-R","475296-252-R","616215-338-R","947725-317-R","234829-215-T","572918-348-R","277826-050-R","K98450-129-R","341922-053-R","913389-277-R","463943-066-T","362531-283-R","886688-043-R","967739-261-T","361931-004-R","116655-072-R","782815-120-R","155919-109-R","K93363-136-R","857933-349-R","K64889-285-T","959411-043-R","572736-102-R","381356-305-R","514821-333-R","721194-151-R","254851-301-R","947758-054-R","588824-173-R","979744-088-R","K28037-099-T","742791-240-R","359531-246-R","987651-099-R","572183-171-R","945586-337-R","455876-151-R","668155-338-R","854966-285-R","562742-068-R","981166-024-R","832693-133-R","994459-135-R","353785-320-R","549293-155-R","354836-022-R","565248-004-R","899872-116-R","212162-194-R","955516-236-R2","LG0567-F671","827998-364-R","LG0481-F231","K12877-001-R","628479-137-R10","628479-137-R2","653999-131-R","K86415-001-R","618468-307-R","538559-288-R","864244-320-R","827478-307-R","287614-091-R","477875-180-R","LG0551-F552","413552-270-R","269647-328-T","289964-363-R","567486-219-R","429463-259-R","K22795-001-R","867381-070-R","349418-098-R","119387-122-R","324938-238-R","BL0293-F563","772611-094-R","BL0479-F1894","564653-332-T","416634-122-T","159449-244-R","679263-084-R","425362-245-T","766827-280-R","875164-322-T","515863-333-R","333828-041-R","299254-011-R","876135-273-R","631417-353-R","476673-061-R","251568-266-R","899932-113-R5","899932-113-R6","899932-113-R3","899932-113-R7","899932-113-R8","277667-354-R","898857-211-R","846914-101-R","292921-168-R","699152-130-R","K53272-088-T","323965-272-R","485368-065-R3","242566-281-R","673883-063-R5","521955-158-R4","365595-188-R2","673883-063-R4","633739-251-R","422866-222-R5","365248-190-R4","565726-208-R1","565726-208-R4","565726-208-R6","565726-208-R7","673883-063-R3","616732-234-R1","454973-116-R2","868679-213-R","227483-062-R1","982778-135-R","521955-158-R2","454973-116-R3","454973-116-R4","671287-276-R","521955-158-R5","521955-158-R6","521955-158-R7","619344-162-R","777334-354-R1","K24384-001-R","966289-007-R4","887288-157-R3","217524-143-R1","128236-265-R3","485176-168-R4","589616-265-R","287954-098-R","479421-043-R","194179-226-R","975524-054-R","811622-057-R","275155-148-R","819968-124-R5","819968-124-R3","169284-167-R","228754-122-R","415371-026-R","466732-252-T","862989-056-R","429239-143-T","K32475-227-T","381231-234-R","322161-139-T","777953-297-R4","876862-298-R","171881-019-R","459288-142-R","572874-153-T","446735-337-T","379773-124-R","143587-279-R","388244-064-R","337426-197-R","771244-064-R","935938-334-R","727343-253-R","197837-219-T","575813-281-R2","346799-050-R","325652-104-R","686572-087-R","114551-080-T","K85775-138-T","K85775-163-T","333224-299-R","128162-247-R","275375-350-R","936559-144-R","989133-093-R","987419-145-R","382773-019-T","295898-268-R6","447297-187-R","295898-268-R2","295898-268-R3","295898-268-R4","295898-268-R5","773659-155-R","683768-134-T","554418-232-R","417952-058-R","514753-038-R","873145-292-R","868763-120-R","778377-087-R","K16634-038-T","249533-200-R","269878-174-B","942526-266-R","937885-149-R","655913-031-T","879694-015-R","657687-091-R","885512-296-R","615535-235-R","579494-129-T","415267-285-R","136153-299-R","163895-298-T","259776-179-R","414838-212-R","454855-012-R","663772-295-R","474377-126-R","517754-364-R","364918-056-R","897434-029-R","331888-031-R","252517-233-R","384148-302-R","857714-316-R","485977-131-R","327498-153-R","412728-344-R","633275-114-R","328634-206-R","359829-203-R","528666-305-R","947993-071-R","788476-176-R","886662-343-R","147741-172-M","147741-163-M","147741-191-M","428986-081-R","648538-100-R","486699-345-R","636577-100-R","452449-287-R","712881-215-R","351142-076-R","445649-340-R","629538-142-R","523234-163-R","K62884-151-T","659161-295-R","174125-134-R","313798-341-R","953936-095-R","913291-066-R","743489-274-T","922993-354-T","983979-030-R","974183-353-R","K02507-261-T","447624-303-R","755229-096-R","548399-264-B","K70243-053-R","419622-098-T","541839-054-R","285828-011-R","877282-077-R","372686-303-R","487391-300-R","562452-108-R"
"TP53","MUT","MUT","MUT;IND","MUT","MUT","MUT","MUT","MUT","MUT","MUT","MUT","MUT","MUT","MUT;IND","MUT","MUT","MUT","MUT","MUT","MUT","MUT","MUT","IND","MUT","MUT","MUT","MUT","MUT","IND","IND","MUT","MUT","IND","MUT;IND","MUT","MUT","MUT","IND","MUT","MUT","MUT","MUT;IND","MUT","MUT","MUT","MUT","MUT","MUT;IND","MUT","MUT","MUT","MUT","IND","MUT","MUT","MUT;IND","MUT","MUT","MUT","MUT","MUT","MUT","MUT","MUT","MUT","MUT","MUT","MUT","MUT","MUT","MUT","MUT","MUT","MUT","MUT","MUT","MUT","MUT","MUT;IND","MUT","MUT","MUT","MUT","IND","MUT;IND","MUT","MUT;IND","","","","","","","","","","","","","","","","","","","","","","","","","","","","","","","","","MUT;IND","IND","MUT","MUT;IND","MUT;IND","MUT","MUT","MUT","MUT","MUT;IND","MUT","MUT","MUT;IND","","","","","","MUT","IND","MUT","MUT","MUT","MUT","MUT;IND","MUT","MUT","MUT","MUT;IND","IND","MUT","MUT","MUT","MUT","MUT","MUT","MUT","","","","","","MUT","MUT","MUT","MUT","","","","","MUT","MUT","MUT","MUT","MUT","","","","","","","","","","","","","","MUT;IND","MUT","IND","MUT","MUT","MUT","MUT","IND","MUT","MUT","MUT","MUT","MUT","MUT","MUT","MUT","MUT","MUT","MUT","MUT","MUT","MUT","IND","IND","MUT","MUT","MUT","IND","IND","IND","IND","MUT","MUT","MUT","MUT","","","","IND","MUT","MUT","MUT","","","MUT;IND","MUT","MUT","MUT;IND","MUT","MUT;IND","MUT","MUT","MUT","MUT","MUT","MUT","MUT","MUT","MUT","MUT;IND","MUT","MUT;IND","MUT;IND","MUT","MUT","MUT","MUT","MUT;IND","IND","MUT","IND","MUT","MUT","MUT","MUT","MUT","MUT","MUT","MUT","IND","MUT;IND","MUT","MUT","MUT","MUT","MUT","MUT","MUT","MUT","MUT","MUT","MUT","MUT","MUT","MUT","MUT","MUT","MUT","MUT","MUT","MUT","MUT","IND","MUT","IND","MUT","MUT","MUT","MUT","MUT","MUT","MUT","MUT","MUT","","","","","","","","","","","","","","","","","","","","","","","","","","","","","","","","","","","","","","","","","","","","","","","","","","","","","","",""
"APC","IND","MUT","MUT;IND","MUT;IND","MUT;IND","MUT;IND","MUT","MUT","MUT;IND","MUT;IND","MUT;IND","MUT;IND","MUT;IND","MUT;IND","MUT","MUT","MUT;IND","MUT","MUT;IND","MUT","MUT","MUT","MUT;IND","MUT;IND","MUT;IND","MUT;IND","IND","IND","MUT","MUT;IND","MUT","MUT;IND","MUT;IND","MUT;IND","MUT;IND","MUT","MUT;IND","IND","MUT","IND","MUT;IND","IND","MUT","MUT;IND","MUT","MUT","MUT","MUT;IND","MUT;IND","IND","IND","MUT;IND","IND","IND","MUT;IND","MUT","IND","IND","IND","IND","IND","IND","MUT;IND","IND","MUT","MUT","MUT;IND","MUT;IND","MUT;IND","MUT;IND","MUT;IND","MUT","MUT;IND","MUT","MUT","IND","MUT;IND","MUT;IND","MUT","","","","","","","","","MUT;IND","MUT;IND","MUT","MUT;IND","MUT","MUT","MUT;IND","MUT;IND","MUT;IND","MUT;IND","MUT;IND","MUT","MUT;IND","MUT;IND","MUT;IND","MUT;IND","IND","MUT","MUT","MUT;IND","MUT","MUT;IND","IND","MUT","","","","","","","","","MUT","MUT","","","","","","","","","","","","","","","","","IND","MUT","","","","","","","","","","","","","","","","","","","","","","","MUT;IND","","","","","","","","","","","","","MUT","MUT","MUT","MUT","MUT","","","","","","","","","MUT;IND","MUT","MUT","","","","","","","","","","","","","","","","","","","","","","","","","","","","","","","","","","","","MUT","","","","","","MUT","IND","IND","MUT;IND","MUT","MUT","MUT;IND","MUT","MUT","MUT;IND","","","","","","","","","","","","","","","","","","","","","","","","","","","","","","","","","","","","","","","","","","","","","","","","","","","","","","","","","","","","","IND","MUT","MUT;IND","MUT;IND","MUT","MUT;IND","MUT","MUT","MUT","","","","","","","","","","","","","","","","","","","","","","","","","","","","","","","","","","","","","","","","","","","","","",""
"KRAS","MUT","MUT","MUT","MUT","MUT","MUT","MUT","MUT","MUT","MUT","MUT","MUT","MUT","MUT","MUT","MUT","MUT","MUT","MUT","MUT","MUT","MUT","MUT","MUT","MUT","MUT","MUT","MUT","MUT","MUT","MUT","MUT","MUT","MUT","MUT","MUT","MUT","MUT","","","","","","","","","","","","","","","","","","","","","","","","","","","","","","","","","","","","","","","","","","MUT","MUT","","","","","","","MUT","MUT","MUT","MUT","MUT","MUT","MUT","MUT","MUT","MUT","MUT","MUT","MUT","","","","","","","","","","","","MUT","MUT","MUT","","","","","","","","","","","","","","","","","","","","","","","","MUT","","MUT","MUT","MUT","MUT","MUT","MUT","","","","","","","","","","","","MUT","MUT","","","","","","","","","","","","","","","","","MUT","","","","","","","","","","","","","MUT","MUT","MUT","MUT","MUT","MUT","MUT","MUT","MUT","MUT","MUT","MUT","MUT","MUT","MUT","MUT","MUT","MUT","MUT","MUT","MUT","MUT","MUT","MUT","MUT","MUT","MUT","MUT","MUT","MUT","MUT","MUT","MUT","","","MUT","MUT","","","","","","MUT","","MUT","MUT","MUT","","","","","","","","MUT","MUT","MUT","","","","","","","","","","","","","","","","","","","","","","","","","","","","","","","","","","","","","","","","","","","","","","","","","","","","","","","","","","MUT","MUT","","","","","","","","MUT","MUT","MUT","MUT","MUT","MUT","","","","","","","","","","","","","","","","","","","","","","","","","","","","","","","","","","","","","","","",""
"ARID1A","MUT","MUT","","","","","","","","","","","","","","","","","","","","","","","","","","","","","","","","","","","","","MUT","MUT","","","","","","","","","","","","","","","","","","","","","","","","","","","","","","","","","","","","","","","","IND","","MUT;IND","","","","","","MUT","IND","IND","IND","","","","","","","","","","IND","MUT;IND","MUT","MUT","","","","","","","","","","","IND","","","","","","","IND","MUT","","","","","","","","","","","","","","","","MUT","","","","","","","MUT","","","","","","","","","","","","","IND","MUT;IND","IND","","MUT","MUT","","","","","","MUT","MUT;IND","","","","MUT","MUT","MUT;IND","","","IND","","","","","","","","MUT;IND","","","IND","IND","MUT","","","","","","","","","","","","","","","","","","","","","","","","","","","","","","IND","","","","IND","","","","","","","","MUT","MUT;IND","MUT","","","","","","","","MUT;IND","MUT","MUT;IND","MUT","MUT","MUT;IND","MUT","IND","","","","","","","","","","","","","","","","","","","","","","","","","","","","","","","","","","","","","","","","","","","","","","","","","","MUT;IND","MUT;IND","MUT;IND","IND","MUT","","","","","MUT;IND","MUT;IND","MUT;IND","MUT;IND","MUT;IND","","MUT;IND","MUT;IND","MUT;IND","MUT;IND","MUT;IND","MUT","MUT","MUT","IND","MUT","MUT;IND","MUT;IND","MUT;IND","MUT","MUT;IND","MUT;IND","MUT","IND","MUT;IND","MUT;IND","MUT","","","","","","","","","","","","","","","","","","",""
"PIK3CA","","","MUT","MUT","MUT","MUT","MUT","","","","","","","","","","","","","","","","","","","","","","","","","","","","","","","","","","MUT;IND","MUT","MUT","MUT","","","","","","","","","","","","","","","","","","","","","","","","","","","","","","","","","","","","MUT","","MUT","MUT","MUT","MUT","MUT","","MUT","MUT;IND","","","MUT;IND","MUT","MUT","","","","","","","IND","MUT","","","MUT","","","","","","","","","","","MUT","","","","","","","","MUT","","","","","","","","","MUT","","","","","","","MUT;IND","","","","","","","MUT","","","","","","","","","","","","MUT","","","","MUT","","","","","","","","","","","","","","","","","","","","","","","","","","","","","","","MUT","MUT","","","","","","","","","","","","","","","","","","","","","","","","","","","","","","","","","MUT","","","","","","","MUT;IND","MUT","","","","","","","","","MUT;IND","MUT;IND","MUT","","","","","","MUT","MUT","MUT","MUT","MUT","MUT","MUT","MUT","MUT","","","","","","","","","","","","","","","","","","","","","","","","","","","","","","","","","","","","","","","","","MUT","","IND","MUT","","MUT","IND","","","MUT","IND","","","","","MUT","MUT","MUT","MUT","MUT","MUT","MUT","MUT","MUT","","","","","","","","","","","","","MUT","MUT","MUT","MUT","","","","","","","","","","","","","","",""
"BRCA2","IND","","MUT","","","","","","","","","","","","","","","","","","","","","","","","","","","","","","","","","","","","MUT","MUT","MUT","","","","IND","IND","IND","","","","","","","","","","","","","","","","","","","","","","","","","","","","","","","","","MUT","","IND","MUT;IND","","","","","","","MUT;IND","","MUT","MUT","","","","","","","","","","","","","MUT","MUT","MUT","","","","MUT","","","IND","MUT","MUT","","","","","","","","MUT","MUT","","","","","","","MUT","","","","","","","","MUT","","","","","","","","","","","","","","","","","","","","","","","","","MUT","MUT","","","","","MUT","","","","","","","","MUT","MUT","MUT","MUT","MUT","","","","MUT","","","","","","","","","","","","","","","","","","","","","","","","","","","","","","","","","","","","MUT","","","","","","","","MUT;IND","","","MUT","","MUT","MUT","","","","","","","MUT","MUT","","MUT","","","","","","","","","","","","","","MUT","MUT","MUT","MUT","MUT","MUT","","","","","","","","","","","","","","","","","","","","","","","","","","","","","","","","","","","","","","","","MUT;IND","","MUT","","","","MUT","","","","","","","","","","","","","MUT","IND","MUT","MUT","","","","","","","","","MUT","","","","MUT","","","","","","","","","","","","","",""
"CDKN2A","IND","","","","","","","","","","","","","","","","","","","","","","","","","","","","","","","","","","","","","","","","","","","","","","","","","","","","","","","","","","","","","","","","","","","","","","","","","","","","","","","","","","","","","","","","","IND","","","","","","","","","","","MUT;IND","","","","","","","","","","","","","","","","","","","","","","","MUT","","","IND","","","","","","","","","","","","","","IND","MUT","MUT","","","","","MUT","","","","","","","","","","","","","","","MUT","","","","","","","","","","MUT","","","MUT","","","","","","","","","MUT","","","","MUT","","IND","","","MUT;IND","","MUT","IND","MUT;IND","IND","MUT","IND","IND","IND","IND","IND","","","","","","","","","","","","","","","","","","","","MUT","","","","","","","MUT","","","","MUT;IND","MUT","","","","","","","","MUT","","MUT","","MUT","MUT","MUT","","MUT","MUT;IND","","","","","","","","","","","","","","IND","IND","IND","MUT","","","","","","","","","","","","","","","","","","","","","","","","","","","","","","","","MUT","","","","","","","","IND","","","","","","","","","","","","","","","IND","","","","MUT","","","","","","","","","","","","","","","","","","","","","","","","","",""
"FBXW7","MUT","","","","","","","MUT","MUT","MUT;IND","MUT","","","","","","","","","","","","","","","","","","","","","","","","","","","","","","","","","","","","","MUT;IND","MUT","MUT","MUT","","","","","","","","","","","","","","","","","","","","","","","","","","","","","MUT","","MUT","","","","","","MUT","","","","MUT","","MUT;IND","MUT","","","","","","","MUT","MUT","","MUT;IND","","","","","","","","","","","","","","","","","","","","","","","","","","","","","","","","","","","","MUT","","","","","","","","MUT","","","","","","","","","","","","","","","","","","","","","","","","","","","","","","","","","","","","","","","","","","MUT","","","","","","","","","","","","","","","","","","","","","","","","","","","","","","","","","","","","","","","","","","","","MUT;IND","MUT","","","","","","","","","MUT","","MUT","","IND","","","","","","","","","","","","","MUT;IND","","","","","","","","","","MUT","MUT","MUT","MUT","MUT","MUT","","","","","","","","","","","","","","","","","","","","","","","","","","MUT","IND","","","MUT;IND","","","","","","","MUT;IND","","","MUT","MUT","","","","","","","","","MUT","","","","MUT","MUT;IND","MUT","","","","","","","","","","MUT","","","","","","","","","","","","",""
"PTEN","","","","IND","","","","","","","","","","","","","","","","","","","","","","","","","","","","","","","","","","","","","","","","","MUT;IND","","","MUT;IND","MUT","","","MUT","","","","","","","","","","","","","","","","","","","","","","","","","","","","","","","MUT;IND","","","","","","MUT","","","","","","","IND","","","","","","","","","","","","","","","","","","","MUT","","","","","","","","","","","","","","","","","","","","","","","","","","","","","","","","","","","IND","","","","","","","","","","","","","","","","","","MUT","","MUT","","","","","","","","","","","","","","","MUT","","","","","","","","","","","","","","","","","","","","","","","","","","","","","","","","","","","","","","","","","","","","","","","","","","","MUT;IND","","","","","","","","","MUT;IND","","MUT","","","MUT;IND","","","","","","","","","","","","","","","","","","","","","","","","","","","","","","","","","","","","","","","","","","","","","","","","","","","","MUT","MUT;IND","IND","","","MUT;IND","","","","MUT;IND","IND","MUT;IND","MUT;IND","IND","","MUT;IND","","MUT;IND","MUT","IND","","","","","","MUT","MUT;IND","IND","","MUT;IND","MUT;IND","MUT;IND","MUT","MUT","","","","","","","","","IND","MUT","MUT","","","","","","","","","",""
"NOTCH1","","","","","","MUT","","","","","","","","","","MUT","MUT","","","","","","","","","","","","","","","","","","","","","","MUT","","","","","","","","","MUT;IND","","","","","","","","","","","","","","","","MUT","","","","","","","","","","","","","","","","","","","MUT","","","","","","","","","","","","","","","","","","","IND","","","","","","","","","","","MUT","","","","","","","","","","","","","","","MUT;IND","MUT","","","","","","","","","","IND","","","","","","","","","","","","MUT","MUT","","","","","","","MUT","","","","","MUT;IND","","","","","","","","","","","MUT","","MUT;IND","","","","","","","","","","","MUT","","","","","","","","","","","","","","","","","","","","","","","","","","","","","","","","","","","","","","","","","","MUT","","IND","","","","","MUT;IND","","","","","","","","","","","","","","MUT","","","","","","","","","","","","","","MUT","","","MUT","","","","","","","","","","","","","IND","MUT","","","","","","","","","","","","","","","","","","","","","","MUT","","","MUT;IND","","","","","","","","MUT","","MUT;IND","","MUT","","","","","","","MUT;IND","","","IND","","MUT;IND","","MUT","MUT;IND","","","","","","","","","","","","","","","","","","","","","",""
"NF1","","MUT","","","","","","","","","","","","MUT","","","","","MUT","","","","","","","","","","","","","","","","","","","","","","","MUT","","","MUT","","","","","","","","","","","","","","","","","","","","MUT","","","","","","","","","","","","","","","MUT;IND","","","","","","","","","","","","","","","","","","","","","MUT;IND","","","","","","MUT;IND","","","","","","","","IND","","","","","","","","","","","","","MUT","","","","","","","","","","","","","","","","","","","","MUT","","MUT","","","","","","","","","","","","","","","","","","","","","MUT","","","","MUT","MUT","MUT","","","","","","","","","","","MUT;IND","","","","","","","","","","","","","","","","","","","","","","","","","","","","","","","","","","","","","","","","","","","","","MUT","MUT","MUT;IND","","MUT","MUT","","","","MUT","","","","MUT","MUT","","","MUT","","","","","MUT","","","","","","","","","","","","","","","","","","","","","","","","","","MUT","","MUT","","","","","","","","","","","","","","","","","","","","MUT;IND","IND","MUT","","MUT;IND","","","","","","","","","","","MUT;IND","MUT;IND","","","","","","","","","","","","","","","","","","","","","","","","","","","","","","","","","","","","",""
"SMAD4","","","","","","","MUT","MUT","","","","","","","","MUT","","","","MUT","MUT","MUT","MUT","MUT","MUT","MUT","","","","","","","","","","","","","","","","","","","","","","","","","","","MUT","MUT","","","MUT","MUT","MUT","MUT","MUT","MUT","","","","MUT","MUT","","","","","","","","","","","","","","","","","MUT","","","","","","IND","","","","","","","IND","","","","","","","","","","","","","MUT","","","","MUT","","","","MUT","","","","","","","","","","","","","","","","MUT","","","","","","MUT","","","","","","","","","","","","","","MUT","","","","","","","","","","","","","","","","","","","","","","","","","","","","","","","","","","","","","","","","","","IND","IND","","","","","","","","","","MUT","","MUT","","","","","","","","","","","","","","IND","","","","","","","","","","","","","","","","","","","","","","","","","","","","","","","","","","","","","","","","","","","","","","","","","","","","","","","","","","","","","","","","","","","","","","","","","","","","","","","","","","","","","","","","","","","","","","","","","","","","","","","","","","MUT","","","","","","","","","","","","","","","","","","","","","","","","","","",""
"BRAF","","","","","","","","","","","","","","","","","","","","","","","","","","","","","","","","","","","","","","","","","","","","","MUT","","","MUT","","","MUT","","","","MUT","","","","","","","","","","","","","","","","","","","","","","","","","","","MUT","MUT","MUT","","","","","","MUT","","","","","","","","","","","IND","MUT","MUT","","","","MUT","","","","MUT","","","","MUT","","","","","","","","","","","","","","","","","","","","","","","","","","","","","","","","","","","","","","","","","","","","MUT","MUT","","","","","","","","","","MUT","","","","","MUT","MUT","","MUT","MUT","","","","","","MUT","MUT","","","","","","","","","","","","","","","","","","","","","","","","","","","","","","","","","","","IND","","","","MUT","","","","","","","","","","","","","MUT","","","","","","","","","","","","","","","","","","","","","","","","","","","","","","","","","","","","","","","","MUT","","","","","","","MUT","","","","","","","","","","","","","","","","","","","","MUT","","MUT","","","","","","","","MUT","","","","","","","","","","","","","","","","","","","","","","","","","","","","","MUT","MUT","","","","","","","","","","",""
"EP300","","MUT","","","","","","","","","","","","","","","","","","MUT","","","","","","","","","IND","","","","","","","","","","","","","","","","","","","","","","","","","","","","","","","","","","","","","","MUT","","","","MUT","","","","","","","","","","","IND","","","","","","","","MUT","","","","","","","","","","","MUT;IND","","","","","","","","","MUT","","","","","","","","","","","","","","","","","","","","","","","","MUT","","","","","","","","","","","","","","","","","","","","","","","","","","","","IND","MUT","MUT","","","","","","","MUT","","","","MUT","","","","","","","","","","","","","","","","","MUT","","","","","","","","","","","","","","","","","","","","","","","","","","","","","","","","","","","","","","","","MUT;IND","","","","MUT","","","MUT","","","","","","","","","","","","MUT;IND","","","","IND","MUT","MUT","","","","","","","","","","","","","","","","","","","","","","","","","","","MUT","","MUT","","","","","","","","","","","","","","","","","MUT","","","","MUT;IND","","","","MUT","MUT;IND","","","","","","","","","","","","","","","","","MUT","","","","","","","","","","","","","","MUT","","","MUT","","","","","","","","","",""
"BRCA1","","","MUT","","","","","","","","","","","","","","","","","","","","","","","","","","","","","","","","","","","","","","","","","","MUT","","","","","","","","","","","","","","","","","","","","","","","","","","","","","","","","","","","","","","","","","","","","","","","","","","","MUT","","","","","","","","MUT","","","","","","","","MUT","","","","","","","","","","","","","","","","","","","","","MUT","","","","","","","","","","","MUT","MUT","","","","","","","","","","MUT","","","","","","","","","","","MUT","","","","","","","","","","","","","","","","","","","","","","","","","","","","","","","","","MUT","","","","","","","","MUT","","","","","MUT","MUT","","","","","","","","","","","","","","","","","","","","","","MUT","","","","","","","","","","","","","","","","","","","","","","","","","","","","","","","MUT;IND","","","","","","","","","","","","","IND","","","","MUT","","","","","","","","MUT","MUT","MUT","","","","","","","","","IND","","","","","MUT","","","MUT","","","","","","","","","","MUT","","","","","","","","","","","","","","","","","","","","","MUT","","","","","","","","","","","","","","",""
"RB1","MUT","","","","MUT","","","","","","","","","","","","","","","","","","","","","","","","","","","","","","","","","","","","","MUT","","","","","","","","","","","","","","","","","","","","","","","","","","","","","","","","","","","","","","","","","MUT","","","","","","","","","","","","","","","","","","","","","","","","","","","","","","IND","","","","","","","","","","","","","","","","","","","","","","","","","","","","","","","","MUT","","","","","","","","","","","MUT","","","","","","","MUT","","","","","","MUT","","","","","","","","","","","","","","","","","","","","","","","","","","","","","","","","","","","","","","","","","","","","","","","","","","","","","","","","","","","","","","","","","","","","","","","","","IND","","","","","MUT","","MUT","","","","","","","","","","","","","","","","","","","","","MUT","","IND","","IND","IND","IND","IND","","","","","","","","","","","","","","","","","MUT","","","","","","","","","","","","","MUT;IND","","","","MUT;IND","","","","","","","","","","","","","","","","","","","","","","","","MUT","","","","","","","","","","","MUT","","","","","","","","","",""
"EGFR","","","","","","","","","","","","","","","","","","","","","","","","","","","","","","","","","","","","","","","","","","","","","MUT","","","","","","","","","","","","","","","","","","","","","MUT","","","","","","","","","MUT","","","","","","","MUT","","","","","","","","","","","MUT","","","","","","","","","","","","","","","","","","","MUT","","","","","","","","MUT","","","","","","","","","","","","","MUT","","","","","","MUT","","MUT","","","","MUT","","","","","","","","","","","","","","","","","","","","","","","","","","","","","","","","","","","","","","","","","","","MUT","","","","MUT","","","","","","","MUT","","","","","","","","","","","","","","","","","","","","","","","","","","","","","","","","","","","","MUT","MUT","","","","","","","","","","","","","","","","","","","","","","","","","","","","","","","","","","","","","","","","","","","MUT","","","","","","","","","MUT","","","","","","","","","","","","","","IND","","","","","","","","","MUT;IND","","","","","","","","","","MUT","","","","","","","","","","IND","","","","","","","","","","","","","","","","","","","","MUT","","","","",""
"EPHA3","","MUT","","","","","","","","","","","","","","","","","","","","","","","","","","","","","","","","MUT","","","","","","","","","","","","","","MUT","","","","","","","","","","","","","","","","","","","","","","","","","","","","","","","","IND","","","","","","","","","","","","","","","","","","","","","","","","","","","","","","","","","","","","","","","","","","","","","","","","","","","","","","","","","","MUT","","","MUT","","","","","","","","","","","","","","","","","","","","","","MUT","","","","","","","","","","","MUT","","MUT","MUT;IND","","","","","","","","","","","","","","","","","","","","","","","","","","","","","","","","","","","","","","","","","","","","","","","","","","","","","","","","MUT","MUT","MUT;IND","","","","","","MUT","","","","","","","","","","","","","","","","","","MUT","","","","","","","","","MUT","","","","","","","","","","","","","","","","","","","","","","","MUT","","","","","","","","","","","","","","IND","","MUT;IND","","","","","","","MUT","","","","","","","","","","","","MUT","","","MUT","","","","","IND","","","","","","","","","","","","","","","","","","","","","",""
"CDKN2A_cn","","","","","","","","","","","","","AMP","","","","","","","","","","","","","","","","","","","","","","","","","","","","","","","","","","","","","","","","","","","","","","","","","","","","","","","","","","","","","","","","","","","","","","","","","","","","","","","","","","DEL","","","","","","","","","","","","","","","","","","","","","","","DEL","","DEL","","","","","DEL","","","","DEL","","DEL","","","DEL","","","","DEL","DEL","","","","","DEL","","","DEL","","DEL","","","","","DEL","DEL","","DEL","DEL","DEL","DEL","","DEL","","","DEL","DEL","DEL","DEL","","","","","","DEL","DEL","","DEL","","","DEL","DEL","DEL","DEL","DEL","","DEL","DEL","","","DEL","","DEL","DEL","","DEL","","","","","","","","","","","DEL","DEL","DEL","","DEL","DEL","DEL","DEL","","DEL","DEL","DEL","DEL","DEL","DEL","DEL","DEL","DEL","DEL","","","DEL","","","","DEL","","","","","","","","","","","","","","","","","","","","","","","","","DEL","DEL","","","","","","","","","","DEL","","","","","","","","","","","","","","","","","","","","","","","","","DEL","","","","","","","","","","","","","","","","","","","","","","","","","","","","","","","","","DEL","","","","","","","","","","","","DEL","","","","DEL","DEL","","DEL","DEL","","","","DEL","","DEL","","","DEL","DEL","AMP"
"CDKN2B_cn","","","","","","","","","","","","","AMP","","","","","","","","","","","","","","","","","","","","","","","","","","","","","","","","","","","","","","","","","","","","","","","","","","","","","","","","","","","","","","","","","","","","","","","","","","","","","","","","","","DEL","","","","","","","","","","","","","","","","","","","","","","","DEL","","DEL","","","","","DEL","","","","DEL","","DEL","","","DEL","","","","DEL","DEL","","","","","DEL","","","DEL","","DEL","","","","","DEL","DEL","","DEL","DEL","DEL","DEL","","DEL","","","DEL","DEL","DEL","DEL","","","","","","","DEL","","DEL","","","DEL","DEL","DEL","DEL","DEL","","DEL","","","","DEL","","DEL","DEL","","DEL","","","","","","","","","","","DEL","DEL","DEL","","DEL","DEL","DEL","DEL","","DEL","DEL","DEL","DEL","DEL","DEL","DEL","DEL","DEL","","","","","","","","DEL","","","","","","","","","","","","","","","","","","","","","","","","","DEL","DEL","","","","","","","","","","DEL","","","","","","","","","","","","","","","","","","","","","","","","","DEL","","","","","","","","","","","","","","","","","","","","","","","","","","","","","","","","","DEL","","","","","","","","","","","","DEL","","","","","DEL","","","DEL","","","","DEL","","DEL","","","DEL","DEL","AMP"
"MYC_cn","","","","AMP","","","","","","","","","","","","","AMP","","","","","","","","","","","","","","","","","","","","","","","","","","","","","","","","","","","","","","","","","","","","","","","","","","","","AMP","","","","AMP","","","","","AMP","","","","","","AMP","","","","","","","","AMP","","","","","","","","","","","","AMP","","","","","","","","","","","","","","","","","","","","","","","AMP","","","","","","","","","","","","","","","","","","AMP","","","","","","","","","AMP","AMP","","","","","","","","","","","AMP","","","","","","","","","","","","","","","","","","","","","","","AMP","","","","","","","","","","","","","","","","","","","","","","","","","","","","","","","AMP","","AMP","","","","","","","AMP","","AMP","","","","","","","","","AMP","","","","","","","","","AMP","","","AMP","","","","","","","","","","","","","","AMP","","","","","","","AMP","","","","","","AMP","","","","AMP","","","AMP","","","","AMP","","","","","AMP","","AMP","","","AMP","","","","","","","","","","","","","","","","","","","","","","","","","","","","","","","","","","","","","","","","AMP","","","","","","","AMP","","","","","","","","",""
"CCND1_cn","","","","","","","","","","","","","","","","","","","","","","","","","","","","","","","","","","","","","","","","","","","","","","","","","","","","","","","","","","","","","","","","","","","","","","","","","","","","","","","","","","","","","","","AMP","","","","","","","","","","","","","","","","","","","","","","","","","","","","","","","","","AMP","AMP","","","","AMP","","","","","AMP","AMP","","","","","","","","","","","","","AMP","","","","","","","","","","","","","","","","","","","","","","","","","","","","","","","","","AMP","","","","","","","","","","","","","","","","","","","","","","","AMP","","","","","","","","","","","","","","","","","","","","","","","","","","","","","","","","","","","","","","","","","","","","","","","","","","","","","","","","","AMP","","","","","","","","","","","AMP","","","","","","","","","","","AMP","","","","","","","","","","","","","","","","","","","","","","","","","","","","","","","","","","","","","","","","","","","","","","","","","","","AMP","","","","","","","","","","AMP","","","","","","","AMP","","","","","","","","",""
"NCOA3_cn","","","","","","","","","","","","","","","","","","","","","","","","","","","","","","","","","","","","","","","","","AMP","","","","","","","","","","","","AMP","","","","","","","","AMP","","","","","","","","","AMP","AMP","","","AMP","","AMP","","","","","","","","","","","","","","","","","","","","","","","","","","","","","","","","","AMP","","","","","","","","AMP","","","","","","","","","","","","","","","","","","","AMP","","","","","","","","","","","","","","","","","","","","","","","","","","","","","","","","","","","","","","","","","","","","","","","","","","","","","","","","","","","","","","","","","","","","","","","","","","","","","","","","","","","","","","","","","","","","","","","","","","","","","","","","","","","","","","","","","","","","","","","","","","","","","","","","","","","","","","","","","","","","","","AMP","","","","","","","","","AMP","","","","","","","","","","","","","","","","","","","","","","","","","","","","","","","","","","","","","","","","","","","","","","","","","","","","","","","","","","","","","","","","","","","","",""
"SKP2_cn","","","","","","","","","","","","","","","","","","","","","","","","","","","","","","","","","","","","","","","","","","AMP","","","","","","","","","","","","","","","","","","","","","","","","","","","","","","","","","","","","","","","","","","","","","","","","","","","","","","","","","","","","","","","","","","","","","","","","","","","","","","","","","","","","","","","","","AMP","","","","","","","","","","","","","","","","","","","","","","","","","AMP","","","","","","","","","","","","","AMP","","","","","","","","","","","","","","","","","","","","","","","","","","","","","","","","","","","","","","","","","","","","","","","","","","","","","","","","","","","","","","","","","","","","","","","","","","","","","","","","","","","","","","","","","","","","","","","","","","","AMP","","AMP","","","","","","","","","","","","","","","","","","","","","","","","","","","","","","","","","","","","","","","","","","","","","","","","","","","","","","","","","","","","","","","","","","","","AMP","","","","","","","","","","","","","","AMP","AMP","","",""
"MYCN_cn","","","","","","","","","","","","","","","","","","","","","","","","","","","","","","","","","","","","","","","","","","","","","","","","","","","","","","","","","","","","","","","","","","","","","","","","","","","","","","","","","","","","","","","","","","","","","","","","","","","","","","","","","","","","","","","","","","","","","","","","","","","","","","","","","","","","","","","","","","","","","","","","","","","","","","","","","","","","","","","","","","","","","","","","","","","","","","","","","","","","","","","","","","","","","","","","","","","","","","","","","","","","","","","","","","","","","","","","","","","","","","","","","","","","","","","","","","","","","","","","","","","","","","","","","","","","","","","","","","AMP","","","","","","","","","","","","","","","","","","","","","","","","","","","","","","","","","","","","","","","","","","","","","","","","","","","AMP","","","","","","","","","","","","","","","","","","","","","","","","","","","","","","AMP","","","","","","","","","","","","","","","","",""
"MYCL_cn","","","","","","","","","","","","","","","","","","","","","","","","","","","","","","","","","","","","","","","","","","","","","","","","","","","","","","","","","","","","","","","","","","","","","","","","","","","","","","","","","","","","","","","","","","","","","","","","","","","","","","","","","","","","","","","","","","","","","","","","","","","","","","","","","","","","","","","","","","","","","","","","","","","","","","","","","","","","","","","","","","","","","","","","","","","","","","","","","","","","","","","","","","","","","","","","","","","","","","","","","","","","","","","","","","","","","","","","","","","","","","","","","","","","","","","","","","","","","","","","","","","","","","","","","","","","","","","","","","","","","AMP","","","","","","","","","","","","","","","","","","","AMP","","","","","","","","","","","","","","AMP","","","","","","","","","","","","","","","","","","","","","","","","","","","","","","","","","","","","","","","","","","","","","","","","","","","","","","","","","","","","","",""
"NKX2-1_cn","","","","","","","","","","","","","","","","","","","","","","","","","","","","","","","","","","","","","","","","","","","","","","","","","","","","","","","","","","","","","","","","","","","","","","","","","","","","","","","","","","","","","","","","","","","","","","","","","","","","","","","","","","","","","","","","","","","","","","","","","","","","","","","","","","","","","","","","","","","","AMP","","","","","","","","","","","","","","","","","","","","","","","","","","","","","","","","","","","","","","","","","","","","","","","","","","","","","","","","","","","","","","","","","","","","","","","","AMP","","","","","","","","","","","","","","","","","","","","","","","","","","","","","","","","","","","","","","","","","","","","","","","","","","","","","","","","","","","","","","","","","","","","","","","","","","","","","","","","","","","","","","","","","","","","","","","","","","","","","","","","","","","","","","","","","","","","","","","","","","","","","","","","","","","","","","AMP","","","","","","","","","",""
"MDM2_cn","","","","","","","","","","","","","","","","","","","","","","","","","","","","","","","","","","","","","","","","","","","","","","","","","","","","","","","","","","","","","","","","","","","","","","","","","","","","","","","AMP","","","","","","","","","","","","","","","","","","","","","","","","","","","","","","","","","","","","","","","","","","","","","","","","","","","","","","","","","","","","","","","","","","","","","","","","","","","","","","","","","","","","","","","","","AMP","","","","","","","","","","","","","","","","","","","","","","","","","","","","","","","","","","","","","","","","","","","","","","","","","","","","","","","","","","","","","","","","","","","","","","","","","","","","","","","","","","","","","","","","","","","","","","","","","","","","","AMP","","","","","","","","","","","","","","","","","","","","","","","","","","","","","","","","","","","","","","","","","","","","","","","","","","","","","","","","","","","","","","","","","","","","","","","","","","","","","","","","","","","","","","",""
"LMO1_cn","","","","","","","","","","","","","","","","","","","","","","","","","","","","","","","","","","","","","","","","","","","","","","","","","","","","","","","","","","","","","","","","","","","","","","","","","","","","","","","","","","","","","","","","","","","","","","","","","","","","","","","","","","","","","","","","","","","","","","","","","","","","","","","","","","","","","","","","","","","","","","","","","","","","","","","","","","","","","","","","","","","","","","","","","","","","","","","","","","","","","","","","","","","","","","","","","","","","","","","","","","","","","","","","","","","","","","","","","","","","","","","","","","","","","","","","","","","","","","","","","","","","","","","","","","","","","","","","","","","","","","","","","","","","","","","","","","","","","","","","","","","","","","","","","","","","","","","","","","","","","","","","","","","","","","","","","","","","","","","","","","","","","","","","","","","","","","","","","","","","","","","","","","","","","","","","","","","",""
